"PARTNO","Gender","Response","Demand","Esteem","Control","Psycho","SES","Problems","Neurotic"
100,"male","low","low",8,5,36,27,20,3
110,"female","high","high",8,5,36,58,14,5
120,"female","low","low",8,5,29,62,10,4
130,"male","low","low",8,6,29,77,17,11
140,"male","low","low",8,7,24,62,14,2
150,"female","high","low",9,5,29,62,11,7
160,"female","low","high",9,5,41,62,11,9
170,"female","high","low",9,6,28,2.77143,9,7
180,"male","low","low",9,6,43,74,15,8
190,"female","low","low",9,8,28,2.77143,12,13
200,"female","low","low",9,9,34,62,11,10
210,"male","low","high",10,5,29,2.77143,13,2
220,"male","low","low",10,5,38,62,14,2
230,"male","low","high",10,6,49,2.77143,5.5,3
240,"female","high","low",10,6,24,2.77143,8,4
250,"male","low","high",10,6,42,19,14,10
260,"male","low","low",10,6,35,22,18,12
270,"male","high","low",10,6,34,51,10,1
280,"male","low","low",10,6,41,52,14,3
290,"male","low","high",10,6,40,65,12,17
300,"male","low","low",10,6,32,72,16,2
310,"female","high","low",10,7,26,2.77143,11,7
320,"male","high","low",10,7,27,16,18,12
330,"female","low","high",10,7,30,19,20,2
340,"female","low","high",10,7,46,37,7,8
350,"female","high","low",10,7,18,39,16,6
360,"female","low","low",10,7,42,39,10.5,9
370,"female","low","high",10,7,44,48,7,5
380,"male","low","low",10,7,27,62,17,14
390,"male","high","low",10,7,27,64,10,3
400,"male","low","low",11,5,32,0,19,11
410,"female","low","high",11,5,46,40,13,10
420,"female","low","low",11,5,34,51,12,6
430,"male","low","low",11,5,50,62,16,5
440,"male","high","low",11,5,33,62,10,7
450,"female","low","low",11,6,36,2.77143,8,0
460,"female","low","low",11,6,29,2.77143,14,4
470,"male","low","low",11,6,31,39,15,5
480,"female","low","low",11,6,23,60,7,4
490,"female","low","high",11,6,32,62,9,1
500,"male","low","low",11,6,27,65,15,3
510,"female","high","low",11,6,25,65,11,5
520,"male","high","high",11,6,38,74,17,5
530,"female","high","low",11,6,30,75,16,11
540,"male","low","high",11,7,26,2.77143,17.5,6
550,"female","low","low",11,7,41,2.77143,13,8
560,"female","low","high",11,7,29,26,12,3
570,"male","low","low",11,7,38,49,16,6
580,"female","low","low",11,7,38,61,12,1
590,"female","low","low",11,7,33,62,11.5,7
600,"female","high","low",11,7,24,66,11.5,14
610,"female","low","high",11,7,35,77,11,14
620,"male","low","low",11,8,26,2.77143,13,12
630,"female","low","high",11,8,26,15,13,4
640,"female","low","low",11,8,27,62,12,8
650,"female","low","low",11,8,22,77,7,8
660,"female","low","low",12,5,33,2.77143,9,1
670,"female","low","low",12,5,22,2.77143,9,2
680,"male","low","low",12,5,28,2.77143,11,7
690,"female","high","low",12,5,31,17,8,4
700,"male","high","low",12,5,35,42,22,2
710,"male","low","low",12,5,24,62,19,8
720,"male","low","low",12,5,34,62,16,12
730,"female","low","low",12,5,32,80,9,8
740,"male","low","low",12,6,27,0,14,7
750,"male","low","low",12,6,28,8,14,10
760,"male","high","high",12,6,38,13,14,2
770,"female","low","high",12,6,26,21,4,8
780,"female","low","high",12,6,28,62,14,8
790,"female","low","high",12,6,37,69,11.5,1
800,"male","low","low",12,6,33,70,15,8
810,"female","low","low",12,7,26,40,9,6
820,"female","high","high",12,7,34,43,11,12
830,"female","high","low",12,7,35,44,20,16
840,"female","low","low",12,8,49,62,3,1
850,"male","low","high",12,8,42,62,15,9
860,"male","low","low",13,5,36,2.77143,11,6
870,"female","low","low",13,5,30,17,11,10
880,"female","high","low",13,5,35,62,14,1
890,"male","low","high",13,5,36,62,13,2
900,"male","high","low",13,5,23,65,10,4
910,"male","low","high",13,5,30,75,12,0
920,"male","high","low",13,5,35,75,13,8
930,"male","low","low",13,6,37,2.77143,15,5
940,"female","low","high",13,6,30,2.77143,16,13
950,"male","high","high",13,6,26,2.77143,14,17
960,"female","low","high",13,6,31,2.77143,15,17
970,"male","low","low",13,6,26,15,16,2
980,"male","low","high",13,6,39,17,8,15
990,"female","high","high",13,6,45,19,13,5
1000,"female","low","low",13,6,37,38,11,4
1010,"male","low","high",13,6,40,41,15,6
1020,"female","low","high",13,6,37,44,12,4
1030,"male","high","high",13,6,40,51,13,13
1040,"female","low","high",13,6,40,52,11,10
1050,"female","low","low",13,6,33,52,13,11
1060,"female","high","low",13,6,25,62,7,6
1070,"female","low","low",13,6,34,65,4,3
1080,"female","high","high",13,6,26,65,12,4
1090,"male","low","high",13,6,34,71,11,2
1100,"female","high","low",13,6,35,71,14,7
1110,"male","low","high",13,6,30,74,9.5,2
1120,"female","low","high",13,7,44,39,16,13
1130,"female","low","low",13,7,38,60,13,18
1140,"male","low","low",13,7,35,62,14,1
1150,"male","low","high",13,7,24,77,15,10
1160,"male","high","high",13,8,29,0,8,3
1170,"female","high","low",13,8,29,62,11,4
1180,"male","low","high",13,9,32,2.77143,15,17
1190,"male","low","low",14,5,25,2.77143,11,1
1200,"male","low","low",14,5,35,44,16,14
1210,"male","high","high",14,5,44,62,12.5,1
1220,"female","low","high",14,5,31,62,10,1
1230,"female","high","low",14,5,23,62,14,7
1240,"male","low","low",14,5,18,66,14,2
1250,"female","low","high",14,5,39,66,3,17
1260,"female","low","high",14,5,32,81,14,9
1270,"female","high","high",14,6,38,2.77143,11,11
1280,"female","low","high",14,6,32,11,13,3
1290,"male","low","high",14,6,41,16,16,13
1300,"male","high","high",14,6,44,35,4,8
1310,"male","low","high",14,6,45,46,14,11
1320,"female","low","high",14,6,40,48,7,4
1330,"female","high","high",14,6,27,52,11,9
1340,"male","high","high",14,6,40,62,6,3
1350,"male","low","low",14,6,26,62,14,7
1360,"male","low","low",14,6,32,71,11,1
1370,"female","low","high",14,7,40,2.77143,5,6
1380,"male","low","low",14,7,21,7,15,7
1390,"male","low","high",14,7,52,11,11,15
1400,"male","high","high",14,7,27,35,4,11
1410,"male","low","high",14,7,36,40,16,3
1420,"female","low","high",14,7,35,44,8,11
1430,"male","low","high",14,7,42,49,12,11
1440,"male","low","high",14,7,34,49,18.5,12
1450,"female","high","low",14,7,30,58,8,13
1460,"male","low","high",14,7,29,61,15,11
1470,"male","low","low",14,7,31,62,16,8
1480,"female","low","high",14,7,47,62,13,15
1490,"female","high","high",14,7,35,77,15,12
1500,"male","low","high",14,8,35,12,13,8
1510,"male","low","low",14,8,39,33,15,9
1520,"male","low","low",14,8,28,39,15,11
1530,"male","high","low",14,8,35,44,13,10
1540,"male","low","high",14,8,32,66,12,6
1550,"female","low","high",14,9,35,39,13,0
1560,"male","low","high",15,5,35,0,12,12
1570,"female","low","high",15,5,43,22,13,2
1580,"female","low","high",15,5,41,48,13,10
1590,"female","high","high",15,5,28,53,12,7
1600,"male","low","high",15,5,39,59,12,1
1610,"male","low","high",15,5,42,80,13.5,2
1620,"male","high","high",15,6,34,2.77143,16,5
1630,"male","low","low",15,6,29,2.77143,17,6
1640,"female","low","high",15,6,35,2.77143,9,7
1650,"female","low","high",15,6,30,7,11,2
1660,"female","low","high",15,6,43,19,5,9
1670,"female","low","high",15,6,48,36,16,1
1680,"male","low","high",15,6,39,66,16,7
1690,"female","low","high",15,6,40,72,13,2
1700,"male","low","high",15,6,33,74,16,11
1710,"male","low","low",15,6,35,77,16,9
1720,"male","low","high",15,7,39,2.77143,12,3
1730,"male","high","high",15,7,38,8,18,11
1740,"male","low","high",15,7,46,15,17,6
1750,"female","low","high",15,7,26,16,8,8
1760,"female","low","high",15,7,34,38,5,6
1770,"female","low","low",15,7,42,39,12,9
1780,"male","low","low",15,7,32,44,14,5
1790,"male","low","high",15,7,37,57,11,5
1800,"female","low","low",15,7,41,62,6,7
1810,"male","low","low",15,7,30,62,13,9
1820,"female","low","high",15,7,28,62,9,13
1830,"female","low","high",15,7,33,62,13,19
1840,"male","low","low",15,7,33,80,19,11
1850,"male","high","low",15,8,27,2.77143,10,7
1860,"male","low","high",15,8,32,29,17,7
1870,"male","low","low",15,8,42,49,15,17
1880,"female","high","low",15,9,37,2.77143,14,8
1890,"female","low","low",15,9,38,52,11,17
1900,"male","low","low",16,5,42,15,13,6
1910,"female","high","high",16,5,32,22,10,2
1920,"male","low","high",16,5,44,37,15,7
1930,"male","low","low",16,5,44,38,16,9
1940,"female","low","high",16,5,28,40,9,5
1950,"male","low","low",16,5,39,52,15,16
1960,"male","low","high",16,5,41,62,12,7
1970,"male","low","high",16,5,45,65,14,1
1980,"female","low","high",16,5,25,77,16,6
1990,"female","high","high",16,6,38,2.77143,9,3
2000,"female","high","high",16,6,39,2.77143,7,7
2010,"male","low","low",16,6,43,8,13,2
2020,"male","low","high",16,6,35,37,15,2
2030,"female","low","high",16,6,45,45,7,15
2040,"female","low","high",16,6,45,52,9,4
2050,"female","low","high",16,6,36,62,13,8
2060,"male","high","high",16,6,27,62,13,17
2070,"female","high","high",16,6,30,72,11,7
2080,"female","high","low",16,6,27,74,9,5
2090,"male","low","low",16,6,43,74,16,12
2100,"female","low","high",16,7,45,0,9,2
2110,"female","low","high",16,7,34,17,9,15
2120,"male","low","low",16,7,43,19,20,13
2130,"male","low","high",16,7,33,34,12,0
2140,"male","high","high",16,7,41,39,14,9
2150,"male","high","high",16,7,26,40,14,17
2160,"male","high","high",16,7,35,43,13,18
2170,"male","low","high",16,7,43,62,9,7
2180,"male","low","high",16,7,22,65,9,14
2190,"female","high","low",16,7,37,72,7,7
2200,"male","low","high",16,7,32,77,11,6
2210,"male","high","high",16,7,35,80,14,4
2220,"male","low","high",16,8,38,2.77143,18,16
2230,"male","high","high",16,8,36,16,13,6
2240,"male","low","low",16,8,35,49,14,11
2250,"male","low","low",16,8,24,62,17,10
2260,"female","low","high",16,8,33,62,12,11
2270,"male","high","high",16,8,36,66,12,2
2280,"male","low","high",16,9,36,2.77143,17,12
2290,"female","high","high",16,9,27,13,12,23
2300,"female","high","high",16,9,23,62,6,10
2310,"male","high","high",16,9,31,62,17,12
2320,"female","low","low",16,10,26,2.77143,7,17
2330,"male","low","high",17,NA,40,62,14,6
2340,"female","low","high",17,5,32,2.77143,11,0
2350,"female","high","high",17,5,23,2.77143,12,10
2360,"male","low","high",17,5,47,8,12,9
2370,"female","low","high",17,5,41,62,14,6
2380,"male","high","high",17,5,38,62,6,12
2390,"female","low","high",17,6,32,2.77143,3,5
2400,"male","low","high",17,6,42,17,11,9
2410,"female","low","high",17,6,36,19,9,11
2420,"male","high","high",17,6,32,22,14,7
2430,"male","low","high",17,6,31,39,4,5
2440,"male","low","low",17,6,31,49,16,5
2450,"male","low","high",17,6,30,53,13,10
2460,"female","high","high",17,6,38,60,9,1
2470,"male","low","high",17,6,41,62,14,5
2480,"female","low","high",17,6,38,62,13,11
2490,"female","low","high",17,6,35,65,7,7
2500,"male","low","high",17,6,31,70,13,6
2510,"female","low","high",17,6,46,71,15,8
2520,"male","low","high",17,7,35,2.77143,6,8
2530,"female","high","low",17,7,30,2.77143,12,10
2540,"male","low","low",17,7,40,49,14,1
2550,"male","low","high",17,7,47,61,12,13
2560,"female","low","high",17,7,43,62,7,12
2570,"male","low","high",17,7,33,66,8,7
2580,"female","low","high",17,7,34,78,16,2
2590,"male","high","low",17,8,21,2.77143,13,9
2600,"female","high","high",17,8,25,49,11,5
2610,"male","low","high",17,8,31,51,16,2
2620,"male","low","high",17,8,27,62,14,4
2630,"female","low","high",17,8,34,62,15,17
2640,"female","low","low",17,8,37,71,12,12
2650,"male","low","high",17,9,37,19,12,9
2660,"female","low","high",17,9,52,44,7,16
2670,"male","low","high",17,9,36,62,13,16
2680,"female","high","low",18,5,29,2.77143,14.5,4
2690,"female","high","high",18,5,33,2.77143,12.5,10
2700,"male","low","high",18,5,33,15,10.5,10
2710,"female","high","high",18,5,27,16,7,9
2720,"female","low","low",18,5,34,74,11,3
2730,"female","low","low",18,5,39,78,14,8
2740,"male","low","high",18,5,36,80,10,15
2750,"male","low","low",18,6,37,0,13,15
2760,"female","low","high",18,6,40,27,11,6
2770,"female","high","high",18,6,31,34,9,3
2780,"female","low","high",18,6,37,74,6,15
2790,"male","high","high",18,6,30,77,11,5
2800,"female","low","high",18,7,26,2.77143,10,7
2810,"female","low","high",18,7,38,8,5,16
2820,"male","low","high",18,7,41,11,13,7
2830,"female","low","high",18,7,37,19,11,7
2840,"male","low","high",18,7,37,44,15,6
2850,"male","low","high",18,7,42,44,13,9
2860,"male","low","high",18,7,31,55,10,14
2870,"male","low","low",18,7,33,59,14,9
2880,"male","low","high",18,7,23,61,6,18
2890,"male","low","low",18,7,33,62,15,3
2900,"male","high","low",18,7,24,62,13,13
2910,"female","low","high",18,8,48,8,10,10
2920,"female","low","high",18,8,39,13,10,4
2930,"male","low","high",18,8,41,15,11,9
2940,"male","high","high",18,8,33,74,8,11
2950,"male","low","high",18,8,37,74,15,11
2960,"female","low","high",18,9,38,2.77143,8.5,8
2970,"female","low","high",18,9,25,13,12,19
2980,"male","high","low",18,9,38,15,18,14
2990,"female","low","high",18,9,39,39,8,15
3000,"female","low","high",18,9,26,81,16,13
3010,"female","low","low",18,10,26,16,10,4
3020,"male","low","high",19,5,41,62,14,6
3030,"male","low","high",19,6,33,17,9,4
3040,"female","low","high",19,6,43,49,4,11
3050,"male","high","low",19,6,23,80,13,11
3060,"female","high","high",19,7,45,0,10,17
3070,"female","low","high",19,7,36,39,10,11
3080,"female","low","high",19,7,35,44,7,12
3090,"female","high","high",19,7,31,49,10,10
3100,"female","low","high",19,7,45,53,11,9
3110,"male","low","high",19,7,38,65,17,6
3120,"male","high","high",19,8,39,2.77143,12.5,12
3130,"female","low","high",19,8,38,19,12,12
3140,"male","low","high",19,8,37,49,16,13
3150,"female","low","high",19,8,32,62,8,12
3160,"female","low","high",19,9,45,2.77143,8,17
3170,"female","low","high",19,9,40,62,8,9
3180,"female","low","high",19,10,33,44,2,18
3190,"female","low","high",20,6,39,40,9,3
3200,"female","low","high",20,6,50,40,12,18
3210,"male","high","high",20,6,31,44,13,6
3220,"female","low","high",20,6,37,61,11,8
3230,"female","high","high",20,6,37,65,8,0
3240,"female","low","high",20,7,44,16,10,10
3250,"female","low","low",20,7,36,21,11,7
3260,"female","low","high",20,7,55,62,11,4
3270,"female","low","high",20,7,40,62,9,7
3280,"female","high","high",20,7,40,62,5,9
3290,"female","high","high",20,8,43,2.77143,8.5,13
3300,"female","high","high",20,8,27,17,11,12
3310,"male","high","high",20,8,28,61,4,16
3320,"male","high","high",20,8,34,62,14,13
3330,"female","low","high",20,9,35,2.77143,13.5,6
3340,"female","low","high",20,9,30,2.77143,11,10
3350,"female","low","low",20,9,32,52,14,16
3360,"female","high","high",20,9,38,62,12,15
3370,"male","high","high",20,10,39,45,6,15
3380,"female","low","high",21,5,32,0,5,10
3390,"male","low","high",21,5,48,19,18,11
3400,"female","high","high",21,6,44,19,10,10
3410,"female","low","high",21,6,34,41,16,13
3420,"male","low","high",21,6,42,44,17,6
3430,"male","low","high",21,6,40,53,11,12
3440,"female","low","high",21,6,39,61,10,12
3450,"female","low","high",21,7,31,0,11,19
3460,"male","high","high",21,7,33,35,4,2
3470,"male","low","low",21,7,41,45,18,14
3480,"male","low","low",21,8,26,2.77143,11,12
3490,"female","high","high",21,8,36,19,8,11
3500,"female","high","high",21,8,43,38,8,12
3510,"male","low","high",21,9,40,44,15,3
3520,"female","high","high",22,6,34,27,3,8
3530,"male","low","high",22,6,40,49,11,19
3540,"female","high","high",22,7,36,62,11,13
3550,"female","high","high",22,8,39,22,5,10
3560,"female","low","high",22,8,36,33,12,17
3570,"female","low","high",22,9,40,49,13,16
3580,"male","high","high",22,9,36,62,6,11
3590,"male","high","high",22,10,46,62,4,18
3600,"female","high","high",22,10,28,80,7,17
3610,"female","high","high",23,6,31,52,6,9
3620,"male","low","high",23,9,43,27,5,11
3630,"female","high","high",24,8,32,25,10,18
3640,"female","high","low",24,8,29,62,8,21
3650,"female","low","high",24,9,35,11,4,11
3660,"male","low","high",24,9,32,45,9,17
3670,"female","low","high",24,10,40,0,7,12
3680,"male","low","high",24,10,34,43,14,16
3690,"male","low","high",25,7,39,62,9,11
3700,"female","low","high",26,6,35,11,3,7
3710,"male","high","low",26,7,43,80,14,21
3720,"male","high","high",26,8,46,61,14,11
3730,"female","high","high",26,9,35,19,13.5,14
3740,"female","high","high",26,9,42,19,10,16
3750,"female","high","high",27,9,34,13,3,17
3760,"male","low","high",27,9,44,62,13,18
3770,"male","low","high",28,6,40,44,5,23
3780,"male","high","high",29,8,38,0,14,10
